<?xml version="1.0" encoding="UTF-8"?>
<project-private xmlns="http://www.netbeans.org/ns/project-private/1">
    <editor-bookmarks xmlns="http://www.netbeans.org/ns/editor-bookmarks/2" lastBookmarkId="0"/>
    <open-files xmlns="http://www.netbeans.org/ns/projectui-open-files/2">
        <group>
            <file>file:/C:/Users/dangk/Documents/GitHub/Project-YeagerShop/Workshop1/src/java/dto/UserDTO.java</file>
            <file>file:/C:/Users/dangk/Documents/GitHub/Project-YeagerShop/Workshop1/src/java/utils/DBUtils.java</file>
            <file>file:/C:/Users/dangk/Documents/GitHub/Project-YeagerShop/Workshop1/web/search.jsp</file>
            <file>file:/C:/Users/dangk/Documents/GitHub/Project-YeagerShop/Workshop1/src/java/dao/ProjectDAO.java</file>
            <file>file:/C:/Users/dangk/Documents/GitHub/Project-YeagerShop/Workshop1/web/project.jsp</file>
            <file>file:/C:/Users/dangk/Documents/GitHub/Project-YeagerShop/Workshop1/web/login.jsp</file>
            <file>file:/C:/Users/dangk/Documents/GitHub/Project-YeagerShop/Workshop1/web/update.jsp</file>
            <file>file:/C:/Users/dangk/Documents/GitHub/Project-YeagerShop/Workshop1/src/java/control/MainController.java</file>
            <file>file:/C:/Users/dangk/Documents/GitHub/Project-YeagerShop/Workshop1/src/java/dao/IsDAO.java</file>
            <file>file:/C:/Users/dangk/Documents/GitHub/Project-YeagerShop/Workshop1/src/java/dao/UserDAO.java</file>
            <file>file:/C:/Users/dangk/Documents/GitHub/Project-YeagerShop/Workshop1/src/java/dto/ProjectDTO.java</file>
        </group>
    </open-files>
</project-private>
