<?xml version="1.0" encoding="UTF-8"?>
<project-private xmlns="http://www.netbeans.org/ns/project-private/1">
    <editor-bookmarks xmlns="http://www.netbeans.org/ns/editor-bookmarks/2" lastBookmarkId="0"/>
    <open-files xmlns="http://www.netbeans.org/ns/projectui-open-files/2">
        <group>
            <file>file:/C:/Users/dangk/Documents/GitHub/Project-YeagerShop/Project_Yeager/src/java/utils/PasswordUtils.java</file>
            <file>file:/C:/Users/dangk/Documents/GitHub/Project-YeagerShop/Project_Yeager/src/java/dto/userDTO.java</file>
            <file>file:/C:/Users/dangk/Documents/GitHub/Project-YeagerShop/Project_Yeager/web/detail.jsp</file>
            <file>file:/C:/Users/dangk/Documents/GitHub/Project-YeagerShop/Project_Yeager/src/java/dao/userDAO.java</file>
            <file>file:/C:/Users/dangk/Documents/GitHub/Project-YeagerShop/Project_Yeager/src/java/controller/MainController.java</file>
            <file>file:/C:/Users/dangk/Documents/GitHub/Project-YeagerShop/Project_Yeager/src/java/utils/AuthUtils.java</file>
            <file>file:/C:/Users/dangk/Documents/GitHub/Project-YeagerShop/Project_Yeager/web/login.jsp</file>
            <file>file:/C:/Users/dangk/Documents/GitHub/Project-YeagerShop/Project_Yeager/src/java/dto/productDTO.java</file>
            <file>file:/C:/Users/dangk/Documents/GitHub/Project-YeagerShop/Project_Yeager/web/signup.jsp</file>
            <file>file:/C:/Users/dangk/Documents/GitHub/Project-YeagerShop/Project_Yeager/web/productform.jsp</file>
            <file>file:/C:/Users/dangk/Documents/GitHub/Project-YeagerShop/Project_Yeager/src/java/utils/DBUtils.java</file>
            <file>file:/C:/Users/dangk/Documents/GitHub/Project-YeagerShop/Project_Yeager/web/home.jsp</file>
            <file>file:/C:/Users/dangk/Documents/GitHub/Project-YeagerShop/Project_Yeager/web/add.jsp</file>
            <file>file:/C:/Users/dangk/Documents/GitHub/Project-YeagerShop/Project_Yeager/src/java/dao/productDAO.java</file>
        </group>
    </open-files>
</project-private>
